Time (s) Run #1,Position (m) Run #1,Velocity (m/s) Run #1,Acceleration (m/s²) Run #1,Time (s) Run #2,Position (m) Run #2,Velocity (m/s) Run #2,Acceleration (m/s²) Run #2,Time (s) Run #3,Position (m) Run #3,Velocity (m/s) Run #3,Acceleration (m/s²) Run #3,Time (s) Run #4,Position (m) Run #4,Velocity (m/s) Run #4,Acceleration (m/s²) Run #4,Time (s) Run #5,Position (m) Run #5,Velocity (m/s) Run #5,Acceleration (m/s²) Run #5,Time (s) Run #6,Position (m) Run #6,Velocity (m/s) Run #6,Acceleration (m/s²) Run #6,Time (s) Run #7,Position (m) Run #7,Velocity (m/s) Run #7,Acceleration (m/s²) Run #7,Time (s) Run #8,Position (m) Run #8,Velocity (m/s) Run #8,Acceleration (m/s²) Run #8,Time (s) Run #9,Position (m) Run #9,Velocity (m/s) Run #9,Acceleration (m/s²) Run #9,Time (s) Run #Extra,Position (m) Run #Extra,Velocity (m/s) Run #Extra,Acceleration (m/s²) Run #Extra,Time (s) Run #10,Position (m) Run #10,Velocity (m/s) Run #10,Acceleration (m/s²) Run #10
0,1.46,,,0,1.27,,,0,1.29,,,0,1.41,,,0,1.38,,,0,1.45,,,0,1.47,,,0,1.39,,,0,1.38,,,0,1.45,,,0,1.41,,
0.02,1.46,0,,0.02,1.27,0,,0.02,1.29,0.01,,0.02,1.41,0,,0.02,1.38,-0.04,,0.02,1.46,0.08,,0.02,1.47,-0.01,,0.02,1.39,0.02,,0.02,1.44,-6.71,,0.02,1.11,-1.5,,0.02,1.41,-0.01,
0.04,1.46,0.05,1.65,0.04,1.27,0.09,7.29,0.04,1.29,-8.96E-04,-0.4,0.04,1.41,-0.01,-0.04,0.04,1.38,0.16,5.45,0.04,1.46,0.02,-2.83,0.04,1.47,0.01,0.56,0.04,1.39,0,-0.5,0.04,1.11,-4.86,102.07,0.04,1.39,1.91,98.13,0.04,1.41,-0.01,-0.01
0.06,1.46,0.06,-0.2,0.06,1.26,0.29,1.09,0.06,1.29,0,-0.2,0.06,1.41,-0.01,0.02,0.06,1.4,0.18,-1.29,0.06,1.46,-0.03,-1.32,0.06,1.47,0.01,0.23,0.06,1.39,0,-0.19,0.06,1.12,-2.63,96.73,0.06,1.39,2.42,-2.99,0.06,1.41,-0.02,1.34
0.08,1.47,0.01,-0.67,0.08,1.28,0.23,-5.02,0.08,1.29,-0.01,-0.08,0.08,1.41,0,0.05,0.08,1.39,0.06,-4.72,0.08,1.46,-0.04,-0.08,0.08,1.47,0.01,-0.02,0.08,1.39,-0.01,0.12,0.08,1.12,0.03,62.51,0.08,1.39,0.05,-32.88,0.08,1.41,0.04,1.76
0.1,1.46,0.01,-0.39,0.1,1.29,-0.02,-7.59,0.1,1.29,-0.01,-0.03,0.1,1.41,0,0.05,0.1,1.4,-0.09,-4.47,0.1,1.46,-0.02,0.58,0.1,1.47,0.01,0.04,0.1,1.39,0,0.3,0.1,1.12,0,21.7,0.1,1.39,0,-30.7,0.1,1.41,0.1,0.76
0.12,1.46,0.02,-0.69,0.12,1.27,-0.21,-4.22,0.12,1.29,-0.01,0.06,0.12,1.41,0,0.05,0.12,1.39,-0.13,-1.81,0.12,1.46,0,0.6,0.12,1.47,0.01,0.33,0.12,1.39,0.01,0.23,0.12,1.12,0.01,-0.3,0.12,1.39,0.39,-50.1,0.12,1.42,0.09,-1.17
0.14,1.47,0.01,-1.53,0.14,1.27,-0.18,0.02,0.14,1.29,-0.01,0.13,0.14,1.41,0,0.08,0.14,1.39,-0.16,0.76,0.14,1.46,0,0.35,0.14,1.47,0.03,0.83,0.14,1.39,0.01,-0.08,0.14,1.12,0,-0.08,0.14,1.39,-1.6,-59.02,0.14,1.41,0.03,-1.92
0.16,1.46,-0.07,0.03,0.16,1.27,-0.11,1.13,0.16,1.29,0,0.11,0.16,1.41,0,0.09,0.16,1.38,-0.08,1.83,0.16,1.46,0.01,0.19,0.16,1.47,0.04,1.26,0.16,1.39,0.01,-0.37,0.16,1.12,0,-0.2,0.16,1.44,-4.36,-12.31,0.16,1.41,-0.03,-1.14
0.18,1.46,-0.08,2.78,0.18,1.26,-0.11,-0.03,0.18,1.29,2.69E-4,-0.01,0.18,1.41,0,0.06,0.18,1.38,-0.05,1.77,0.18,1.46,0.01,0.19,0.18,1.48,0.08,1.09,0.18,1.39,-0.01,-0.57,0.18,1.12,0,-0.3,0.18,1.15,-2.33,66.53,0.18,1.41,-0.01,-0.1
0.2,1.46,0.11,3.09,0.2,1.26,-0.14,-1.94,0.2,1.29,-3.58E-04,-0.17,0.2,1.41,0,0.02,0.2,1.38,-0.03,1.16,0.2,1.46,0.02,0.16,0.2,1.48,0.11,-0.05,0.2,1.39,-0.01,-0.7,0.2,1.12,-0.02,-0.34,0.2,1.11,-0.36,78.06,0.2,1.41,-0.01,0.09
0.22,1.46,0.16,0.06,0.22,1.27,-0.15,-4.1,0.22,1.29,-0.01,-0.14,0.22,1.41,0,-0.01,0.22,1.38,-0.01,1.06,0.22,1.46,0.02,0.04,0.22,1.48,0.09,-1.91,0.22,1.39,-0.03,-0.63,0.22,1.12,-0.02,-0.05,0.22,1.44,2.38,4.29,0.22,1.41,-0.01,-0.04
0.24,1.48,0.06,-2.83,0.24,1.26,-0.3,-5.28,0.24,1.29,-0.01,0.18,0.24,1.41,0,-0.07,0.24,1.38,0.02,0.79,0.24,1.46,0.02,0.04,0.24,1.48,0.02,-2.82,0.24,1.39,-0.05,-0.03,0.24,1.11,-0.02,0.46,0.24,1.11,0.29,-37.63,0.24,1.41,-0.02,2.67
0.26,1.46,-0.02,-2.56,0.26,1.25,-0.44,-4.24,0.26,1.29,0,0.57,0.26,1.41,0,-0.15,0.26,1.38,0.04,-0.02,0.26,1.46,0.01,0.43,0.26,1.48,-0.07,-2.15,0.26,1.39,-0.05,1.01,0.26,1.12,0,0.63,0.26,1.44,-2.47,-22.75,0.26,1.41,0,5.17
0.28,1.46,-0.05,-2.81,0.28,1.24,-0.48,-1.37,0.28,1.29,0.02,0.58,0.28,1.41,0,-0.53,0.28,1.38,0.02,-0.77,0.28,1.46,0.03,0.6,0.28,1.48,-0.08,-0.75,0.28,1.39,0,1.59,0.28,1.11,0.02,0.57,0.28,1.15,-0.02,20.59,0.28,1.41,0.31,2.13
0.3,1.47,-0.04,-5.65,0.3,1.23,-0.48,0.24,0.3,1.29,0.03,0.09,0.3,1.41,-0.01,-0.97,0.3,1.38,-0.02,-0.58,0.3,1.46,0.06,-0.04,0.3,1.48,-0.07,0.07,0.3,1.39,0.04,1.1,0.3,1.12,0.02,0.14,0.3,1.11,-0.03,5.78,0.3,1.41,0.28,-5.97
0.32,1.46,-0.26,-8.4,0.32,1.22,-0.43,-0.42,0.32,1.29,0.02,-0.35,0.32,1.41,-0.05,-0.84,0.32,1.38,-0.02,0.55,0.32,1.46,0.04,-1.1,0.32,1.48,-0.06,0.22,0.32,1.39,0.05,0.12,0.32,1.12,0.03,-0.15,0.32,1.44,0.33,-37.63,0.32,1.45,-0.05,-10.65
0.34,1.46,-0.49,-8.17,0.34,1.21,-0.47,-1.88,0.34,1.29,0,-0.3,0.34,1.41,-0.07,0.04,0.34,1.38,0.02,1.33,0.34,1.46,-0.01,-1.29,0.34,1.47,-0.07,0.46,0.34,1.39,0.03,-0.2,0.34,1.12,0.01,-0.22,0.34,1.14,-2.13,-23.01,0.34,1.41,-0.36,-4.82
0.36,1.44,-0.61,-5.05,0.36,1.2,-0.54,-2.55,0.36,1.29,0,0.01,0.36,1.41,-0.04,0.9,0.36,1.38,0.06,0.73,0.36,1.46,-0.04,-0.35,0.36,1.47,-0.05,0.9,0.36,1.39,0.02,0.51,0.36,1.12,0.01,0.01,0.36,1.15,-2.45,14.23,0.36,1.41,-0.33,4.78
0.38,1.43,-0.67,-2.22,0.38,1.19,-0.59,-1.63,0.38,1.29,0.01,0.15,0.38,1.41,-0.01,0.65,0.38,1.39,0.06,-0.67,0.38,1.46,-0.02,0.57,0.38,1.47,-0.03,1,0.38,1.39,0.05,0.82,0.38,1.12,0.01,0.48,0.38,1.14,-0.02,37.49,0.38,1.41,-0.02,8.82
0.4,1.42,-0.68,-1.26,0.4,1.18,-0.61,-0.49,0.4,1.29,0.01,-0.21,0.4,1.41,0,-0.15,0.4,1.39,0.02,-1.78,0.4,1.46,0.01,0.87,0.4,1.47,0,0.18,0.4,1.4,0.1,-0.44,0.4,1.12,0.03,0.85,0.4,1.15,-0.07,20.47,0.4,1.41,0.18,4.36
0.42,1.4,-0.69,-2.22,0.42,1.17,-0.59,-0.31,0.42,1.29,0.01,-0.86,0.42,1.41,-0.03,-0.52,0.42,1.39,-0.02,-1.86,0.42,1.46,0.01,0.8,0.42,1.47,0,-1.25,0.42,1.4,0.06,-2.39,0.42,1.12,0.05,1.06,0.42,1.14,0,1.01,0.42,1.41,0.19,-3.35
0.44,1.39,-0.75,-4,0.44,1.15,-0.6,-1.06,0.44,1.29,-0.02,-1.19,0.44,1.41,-0.04,-0.22,0.44,1.38,-0.07,-0.91,0.44,1.46,0.03,0.7,0.44,1.47,-0.06,-1.85,0.44,1.4,-0.04,-2.89,0.44,1.12,0.07,0.64,0.44,1.14,-0.01,0.49,0.44,1.43,-0.01,-7
0.46,1.38,-0.87,-4.51,0.46,1.14,-0.64,-1.49,0.46,1.29,-0.06,-0.75,0.46,1.41,-0.03,0.21,0.46,1.38,-0.07,0.33,0.46,1.46,0.05,0.32,0.46,1.47,-0.12,-0.71,0.46,1.4,-0.11,-1.06,0.46,1.12,0.09,0.07,0.46,1.15,0.04,-0.77,0.46,1.41,-0.23,-4.02
0.48,1.35,-0.97,-2.68,0.48,1.13,-0.69,-0.65,0.48,1.29,-0.06,0.33,0.48,1.4,-0.03,0.33,0.48,1.38,-0.04,1.17,0.48,1.46,0.06,-0.43,0.48,1.47,-0.1,0.83,0.48,1.39,-0.09,1.09,0.48,1.12,0.06,-0.36,0.48,1.14,-0.05,-0.87,0.48,1.41,-0.25,1.11
0.5,1.33,-1,0.19,0.5,1.12,-0.68,0.08,0.5,1.29,-0.04,1.37,0.5,1.4,-0.02,0.31,0.5,1.38,-0.01,1.27,0.5,1.46,0.03,-0.9,0.5,1.46,-0.04,1.29,0.5,1.39,-0.02,1.79,0.5,1.12,0.06,-0.17,0.5,1.15,-0.05,-0.62,0.5,1.41,-0.06,3.34
0.52,1.32,-0.94,2.38,0.52,1.1,-0.64,-0.43,0.52,1.29,8.08E-4,1.86,0.52,1.4,-0.01,0.25,0.52,1.38,0.01,1.62,0.52,1.46,0,-0.76,0.52,1.47,-0.03,1.03,0.52,1.39,0.01,1.05,0.52,1.12,0.05,0.01,0.52,1.14,-0.02,0.3,0.52,1.4,-0.05,2.32
0.54,1.3,-0.88,3.51,0.54,1.09,-0.69,-1.28,0.54,1.29,0.05,1.57,0.54,1.4,-0.01,0.2,0.54,1.38,0.03,1.75,0.54,1.46,0,-0.23,0.54,1.46,-0.03,0.64,0.54,1.39,0.01,1.41,0.54,1.13,0.08,-0.37,0.54,1.15,-0.07,-1.91,0.54,1.4,-0.03,0.87
0.56,1.28,-0.81,4.19,0.56,1.08,-0.74,-1.05,0.56,1.29,0.08,0.54,0.56,1.4,-0.01,0.21,0.56,1.38,0.11,1.03,0.56,1.46,-3.95E-04,0.21,0.56,1.46,0.01,-1.14,0.56,1.39,0,5.06,0.56,1.13,0.05,-0.59,0.56,1.14,0,16.41,0.56,1.4,0,0.75
0.58,1.26,-0.71,4.17,0.58,1.06,-0.74,-0.3,0.58,1.29,0.07,-0.74,0.58,1.4,0,0.21,0.58,1.39,0.09,-0.5,0.58,1.46,0.01,0.29,0.58,1.47,-0.01,-3.89,0.58,1.39,0.15,8.33,0.58,1.13,0.02,-0.74,0.58,1.14,-0.3,36.65,0.58,1.4,0,0.66
0.6,1.25,-0.61,0.8,0.6,1.05,-0.72,-0.52,0.6,1.29,0.04,-1.32,0.6,1.4,0,0.13,0.6,1.39,0.07,0.16,0.6,1.46,0.02,0.1,0.6,1.47,-0.19,-3.57,0.6,1.39,0.47,6.27,0.6,1.13,0.04,-0.54,0.6,1.15,2.18,37.73,0.6,1.4,0.02,0.55
0.62,1.24,-0.58,-6.24,0.62,1.03,-0.74,-1.11,0.62,1.29,0,-1.12,0.62,1.4,0,0.05,0.62,1.38,0.02,2.72,0.62,1.46,0.01,-0.18,0.62,1.46,-0.29,0.78,0.62,1.41,0.54,-2.74,0.62,1.13,0,-0.69,0.62,1.1,2.15,19.44,0.62,1.4,0.03,0.21
0.64,1.23,-0.84,-12.39,0.64,1.02,-0.79,-1.08,0.64,1.29,0,-0.73,0.64,1.4,0,0.02,0.64,1.39,0.21,2.08,0.64,1.46,0.01,-0.27,0.64,1.45,-0.13,5.06,0.64,1.43,0.37,-12.06,0.64,1.13,0,-0.83,0.64,1.43,2.08,0.41,0.64,1.41,0.03,-0.3
0.66,1.21,-1.22,-11.84,0.66,1,-0.79,-0.72,0.66,1.29,-0.02,-0.53,0.66,1.4,0,0.04,0.66,1.39,0.28,-3.28,0.66,1.46,0,-0.08,0.66,1.45,0.02,5.53,0.66,1.42,-0.07,-14.28,0.66,1.13,-0.03,-0.48,0.66,1.1,2.14,6.01,0.66,1.41,0.01,-0.52
0.68,1.18,-1.45,-4.89,0.68,0.98,-0.79,-0.76,0.68,1.29,-0.03,-0.29,0.68,1.4,0.01,0.35,0.68,1.41,0.06,-9.51,0.68,1.46,0,0.11,0.68,1.46,0.1,3.62,0.68,1.43,-0.36,-10.16,0.68,1.13,-0.03,-0.42,0.68,1.39,2.24,-6.14,0.68,1.41,0,-0.37
0.7,1.15,-1.4,1.68,0.7,0.97,-0.83,-0.97,0.7,1.29,-0.04,0.2,0.7,1.4,0.01,0.83,0.7,1.4,-0.22,-9.72,0.7,1.46,0.01,0.15,0.7,1.45,0.14,2.01,0.7,1.41,-0.44,-3.79,0.7,1.13,-0.02,-0.17,0.7,1.4,2.7,-44.41,0.7,1.41,0,-0.12
0.72,1.12,-1.26,3.57,0.72,0.95,-0.85,-0.63,0.72,1.29,-0.02,0.48,0.72,1.4,0.04,1.15,0.72,1.39,-0.43,-6.14,0.72,1.46,0.01,-0.09,0.72,1.46,0.19,-0.15,0.72,1.4,-0.48,-0.47,0.72,1.13,-0.06,-0.09,0.72,1.41,0.77,-95.75,0.72,1.41,2.93E-4,-0.03
0.74,1.1,-1.21,2.2,0.74,0.93,-0.85,-0.11,0.74,1.29,-0.01,0.43,0.74,1.4,0.07,0.91,0.74,1.38,-0.4,-3.3,0.74,1.46,0.01,-0.5,0.74,1.46,0.18,-2.34,0.74,1.39,-0.41,0.08,0.74,1.13,-0.03,0.52,0.74,1.41,-1.72,-115.32,0.74,1.41,0,-0.06
0.76,1.07,-1.2,0.97,0.76,0.92,-0.84,0.02,0.76,1.29,-0.01,0.27,0.76,1.41,0.08,0.22,0.76,1.37,-0.5,-2.63,0.76,1.46,-0.01,-0.73,0.76,1.47,0.04,-3.06,0.76,1.39,-0.45,-0.52,0.76,1.12,-0.04,-1.44,0.76,1.47,-4.82,-67.67,0.76,1.41,0,-0.05
0.78,1.05,-1.19,0.35,0.78,0.9,-0.85,0.01,0.78,1.29,0,0.21,0.78,1.41,0.07,-0.14,0.78,1.36,-0.55,-2.27,0.78,1.46,-0.03,-0.46,0.78,1.47,0,-1.98,0.78,1.38,-0.46,-1.41,0.78,1.13,0.02,13.23,0.78,1.13,-5.54,38.47,0.78,1.41,0,-0.13
0.8,1.03,-1.17,-0.6,0.8,0.88,-0.85,0.15,0.8,1.29,0,0.56,0.8,1.41,0.06,-1.05,0.8,1.35,-0.6,-0.29,0.8,1.46,-0.04,0.25,0.8,1.47,-0.01,-0.72,0.8,1.37,-0.49,-1.32,0.8,1.12,-0.28,50.76,0.8,1.11,-3.53,134.69,0.8,1.41,0,-0.39
0.82,1,-1.2,-1.62,0.82,0.87,-0.84,0.23,0.82,1.29,0.01,0.9,0.82,1.41,0.07,-3,0.82,1.34,-0.57,1.19,0.82,1.46,-0.02,0.69,0.82,1.47,-0.01,-0.51,0.82,1.36,-0.54,-1.18,0.82,1.13,1.8,76.78,0.82,1.11,1.6,150.8,0.82,1.41,-0.02,-0.6
0.84,0.98,-1.26,-1.84,0.84,0.85,-0.83,-0.16,0.84,1.29,0.05,0.55,0.84,1.41,-0.04,-5.15,0.84,1.32,-0.51,1.34,0.84,1.46,0.01,0.64,0.84,1.47,-0.03,-0.38,0.84,1.34,-0.53,-1.55,0.84,1.09,4.27,49.14,0.84,1.07,4.2,63,0.84,1.41,-0.04,-0.41
0.86,0.95,-1.29,-1.07,0.86,0.83,-0.84,-0.76,0.86,1.29,0.06,-0.74,0.86,1.41,-0.18,-6.33,0.86,1.32,-0.5,-0.22,0.86,1.46,0.01,0.33,0.86,1.46,-0.04,0.07,0.86,1.33,-0.56,-2.27,0.86,1.38,4.68,-25.48,0.86,1.36,4.83,-76.55,0.86,1.4,-0.04,0.2
0.88,0.93,-1.3,-0.32,0.88,0.82,-0.87,-0.88,0.88,1.3,0.02,-1.81,0.88,1.4,-0.3,-5.43,0.88,1.31,-0.52,-1.49,0.88,1.46,0.01,-0.01,0.88,1.46,-0.03,0,0.88,1.33,-0.66,-1.36,0.88,1.39,2.74,-71.23,0.88,1.36,0.8,-132.93,0.88,1.4,-0.03,0.52
0.9,0.9,-1.29,-0.19,0.9,0.8,-0.89,-0.47,0.9,1.29,-0.05,-1.2,0.9,1.4,-0.43,-4.38,0.9,1.3,-0.59,-1.5,0.9,1.46,0.01,-0.33,0.9,1.46,-0.01,-0.83,0.9,1.31,-0.68,1.8,0.9,1.39,0.28,-61.34,0.9,1.4,-4.19,-72.95,0.9,1.4,0,2.25
0.92,0.88,-1.3,-0.52,0.92,0.78,-0.89,-0.11,0.92,1.29,-0.06,0.45,0.92,1.39,-0.45,-2.75,0.92,1.29,-0.59,-0.96,0.92,1.46,0,-0.52,0.92,1.46,-0.06,-1.94,0.92,1.29,-0.57,3.75,0.92,1.4,0.13,-27.32,0.92,1.13,-2.74,27.1,0.92,1.4,-0.01,4.34
0.94,0.85,-1.32,-0.75,0.94,0.76,-0.88,-0.09,0.94,1.29,-0.01,1.21,0.94,1.37,-0.56,-1.06,0.94,1.27,-0.6,-0.59,0.94,1.46,-0.02,-0.4,0.94,1.46,-0.11,-2.45,0.94,1.29,-0.43,1.95,0.94,1.4,-0.07,-7.18,0.94,1.09,-0.39,44.75,0.94,1.4,0.21,3.22
0.96,0.82,-1.33,-0.62,0.96,0.74,-0.89,-0.39,0.96,1.29,0.03,-0.6,0.96,1.37,-0.5,1.23,0.96,1.26,-0.62,-0.72,0.96,1.46,-0.02,-0.13,0.96,1.46,-0.16,-1.28,0.96,1.28,-0.46,-1.55,0.96,1.4,-0.19,-2.16,0.96,1.34,0.25,-8.47,0.96,1.4,0.28,-2.21
0.98,0.8,-1.35,-0.33,0.98,0.73,-0.9,-0.58,0.98,1.29,0.01,-2.64,0.98,1.35,-0.51,3.01,0.98,1.25,-0.63,-0.74,0.98,1.46,-0.02,0.02,0.98,1.46,-0.2,1.57,0.98,1.27,-0.56,-3.32,0.98,1.39,-0.26,-14.14,0.98,1.14,-1.81,-21.91,0.98,1.43,0.09,-7.23
1,0.77,-1.35,-0.03,1,0.71,-0.92,-0.53,1,1.29,-0.14,-3.48,1,1.36,-0.35,1.4,1,1.24,-0.65,-1.15,1,1.46,-0.02,0.24,1,1.45,-0.12,5.02,1,1.26,-0.63,-2.7,1,1.39,0.06,-50.24,1,1.11,-2.33,8.65,1,1.41,-0.16,-4.84
1.02,0.74,-1.34,0.17,1.02,0.69,-0.93,-0.38,1.02,1.29,-0.15,-3.48,1.02,1.33,-0.34,-1.9,1.02,1.22,-0.67,-1.88,1.02,1.46,-0.02,0.73,1.02,1.45,0.04,5.85,1.02,1.24,-0.66,-1.43,1.02,1.38,-2.02,-75.59,1.02,1.1,-0.43,33.8,1.02,1.41,-0.22,1.13
1.04,0.72,-1.34,0.26,1.04,0.67,-0.93,-0.1,1.04,1.28,-0.23,-4.49,1.04,1.35,-0.49,-4.82,1.04,1.21,-0.73,-2.65,1.04,1.46,0.01,1.07,1.04,1.45,0.2,2.77,1.04,1.23,-0.68,-0.46,1.04,1.42,-4.46,-46.06,1.04,1.1,-0.09,23.46,1.04,1.41,0.01,4.66
1.06,0.69,-1.33,0.24,1.06,0.65,-0.94,0.04,1.06,1.29,-0.32,-6.56,1.06,1.31,-0.6,-3.15,1.06,1.19,-0.78,-2.25,1.06,1.46,0.04,0.68,1.06,1.46,0.18,-1.37,1.06,1.22,-0.68,0,1.06,1.12,-4.81,30.94,1.06,1.1,0,5.6,1.06,1.41,0.06,3.37
1.08,0.66,-1.33,0.13,1.08,0.63,-0.92,0.11,1.08,1.26,-0.51,-5.88,1.08,1.31,-0.68,-0.57,1.08,1.18,-0.85,-0.52,1.08,1.46,0.05,0.32,1.08,1.46,0.07,-2.87,1.08,1.2,-0.67,-0.3,1.08,1.11,-2.67,76.65,1.08,1.1,0.05,2.56,1.08,1.41,0.12,1.16
1.1,0.64,-1.33,-0.06,1.1,0.62,-0.93,-0.05,1.1,1.26,-0.66,-2.75,1.1,1.3,-0.54,0,1.1,1.16,-0.81,1.07,1.1,1.46,0.02,0.53,1.1,1.46,0.01,-2.67,1.1,1.19,-0.68,-0.93,1.1,1.11,-0.09,62.92,1.1,1.1,0.1,2.41,1.1,1.41,0.07,0.23
1.12,0.61,-1.33,-0.24,1.12,0.6,-0.92,-0.28,1.12,1.24,-0.6,1.33,1.12,1.29,-0.62,-1.19,1.12,1.14,-0.76,1.16,1.12,1.46,0.07,0.77,1.12,1.46,0.03,-3.04,1.12,1.18,-0.72,-1.04,1.12,1.11,0.02,23.72,1.12,1.1,0.12,3.73,1.12,1.42,0.14,-1.87
1.14,0.58,-1.34,-0.38,1.14,0.58,-0.94,-0.14,1.14,1.23,-0.56,2.4,1.14,1.28,-0.65,-2.21,1.14,1.14,-0.75,-0.51,1.14,1.46,0.09,0.08,1.14,1.46,-0.1,-2.95,1.14,1.16,-0.74,-0.36,1.14,1.11,0.05,1.17,1.14,1.11,0.22,5.12,1.14,1.41,0.07,-5.27
1.16,0.56,-1.35,-0.46,1.16,0.56,-0.94,0.1,1.16,1.22,-0.45,-0.75,1.16,1.26,-0.71,-1.38,1.16,1.11,-0.78,-1.44,1.16,1.47,0.08,-1.59,1.16,1.46,-0.19,-0.73,1.16,1.14,-0.73,0.14,1.16,1.11,0.03,0.24,1.16,1.11,0.38,2.73,1.16,1.43,-0.1,-5.38
1.18,0.53,-1.36,-0.5,1.18,0.54,-0.93,0.21,1.18,1.22,-0.53,-4.51,1.18,1.25,-0.72,-0.22,1.18,1.1,-0.85,-0.76,1.18,1.47,0.02,-1.77,1.18,1.45,-0.13,2.37,1.18,1.13,-0.71,-0.34,1.18,1.11,0.04,0.31,1.18,1.12,0.46,-4.7,1.18,1.41,-0.32,-0.81
1.2,0.5,-1.37,-0.47,1.2,0.52,-0.93,0.04,1.2,1.21,-0.72,-4.27,1.2,1.23,-0.72,1.05,1.2,1.08,-0.83,0.83,1.2,1.47,-0.06,0.72,1.2,1.45,-0.03,3.4,1.2,1.12,-0.73,-1.01,1.2,1.11,0.06,0.4,1.2,1.13,0.21,-12.51,1.2,1.4,-0.12,0.5
1.22,0.47,-1.38,-0.35,1.22,0.5,-0.93,-0.11,1.22,1.19,-0.82,0.44,1.22,1.22,-0.66,0.76,1.22,1.06,-0.79,1.15,1.22,1.47,0.01,1.74,1.22,1.45,0.03,3.44,1.22,1.1,-0.78,-0.98,1.22,1.11,0.06,-0.11,1.22,1.14,-0.17,-15.22,1.22,1.39,-0.01,-5.46
1.24,0.45,-1.38,-0.19,1.24,0.49,-0.93,-0.1,1.24,1.17,-0.66,3.49,1.24,1.2,-0.64,-1.19,1.24,1.05,-0.74,-0.68,1.24,1.46,0.18,-3.55,1.24,1.45,0.07,3.45,1.24,1.09,-0.78,-0.37,1.24,1.11,0.06,-0.99,1.24,1.12,-0.49,-12.22,1.24,1.43,-0.35,-11.69
1.26,0.42,-1.38,-0.06,1.26,0.47,-0.93,-0.02,1.26,1.16,-0.54,1.42,1.26,1.2,-0.71,-2.81,1.26,1.04,-0.8,-2.75,1.26,1.47,0,-12.6,1.26,1.45,0.19,2.15,1.26,1.07,-0.77,-0.17,1.26,1.11,0.03,-1.85,1.26,1.12,-0.67,-7.79,1.26,1.38,-0.74,-7.74
1.28,0.39,-1.38,-0.01,1.28,0.45,-0.94,0.09,1.28,1.16,-0.59,-1.13,1.28,1.18,-0.82,-1.62,1.28,1.02,-0.9,-2.93,1.28,1.49,-0.47,-15.53,1.28,1.46,0.22,-0.66,1.28,1.06,-0.78,-0.43,1.28,1.12,-0.03,-2.05,1.28,1.1,-0.76,-3.93,1.28,1.37,-0.79,0.48
1.3,0.36,-1.38,0.02,1.3,0.43,-0.93,0.13,1.3,1.13,-0.72,-0.08,1.3,1.16,-0.82,1.03,1.3,1,-0.96,-0.65,1.3,1.44,-0.85,-8.05,1.3,1.46,0.13,-2.11,1.3,1.04,-0.8,-0.66,1.3,1.11,-0.08,-0.99,1.3,1.08,-0.84,-1.33,1.3,1.36,-0.5,3.64
1.32,0.34,-1.38,0.07,1.32,0.41,-0.93,0.01,1.32,1.12,-0.61,0.94,1.32,1.14,-0.72,2.07,1.32,0.98,-0.93,1.38,1.32,1.44,-0.83,1.14,1.32,1.47,0.05,-0.9,1.32,1.02,-0.81,-0.7,1.32,1.11,-0.08,0.46,1.32,1.06,-0.79,-0.13,1.32,1.36,-0.53,1.46
1.34,0.31,-1.38,0.13,1.34,0.39,-0.93,-0.21,1.34,1.11,-0.53,-1.13,1.34,1.13,-0.68,0.71,1.34,0.96,-0.85,1.01,1.34,1.42,-0.6,4.87,1.34,1.47,0.11,0.3,1.34,1.01,-0.82,-0.45,1.34,1.11,-0.04,1.18,1.34,1.05,-0.8,-0.1,1.34,1.34,-0.56,-0.39
1.36,0.28,-1.38,0.19,1.36,0.37,-0.94,-0.28,1.36,1.11,-0.67,-3.85,1.36,1.12,-0.71,-0.87,1.36,0.94,-0.85,-1.11,1.36,1.41,-0.58,3.26,1.36,1.47,0.13,-1.06,1.36,0.99,-0.84,0.01,1.36,1.11,-0.01,1.27,1.36,1.03,-0.82,-0.4,1.36,1.33,-0.56,0.78
1.38,0.25,-1.37,0.23,1.38,0.36,-0.94,-0.12,1.38,1.08,-0.79,-2.76,1.38,1.1,-0.75,-1.06,1.38,0.93,-0.92,-2.39,1.38,1.4,-0.52,0.65,1.38,1.47,0.08,-4.38,1.38,0.97,-0.82,0.38,1.38,1.11,-0.01,1.12,1.38,1.02,-0.82,-0.02,1.38,1.32,-0.52,1.71
1.4,0.23,-1.37,0.63,1.4,0.34,-0.94,0.16,1.4,1.07,-0.81,-0.24,1.4,1.09,-0.76,-0.36,1.4,0.91,-0.99,-1.31,1.4,1.39,-0.53,-0.85,1.4,1.47,-0.05,-6.92,1.4,0.96,-0.81,0.55,1.4,1.11,0.04,-0.48,1.4,1,-0.81,0.08,1.4,1.31,-0.48,1.36
1.42,0.2,-1.36,3.39,1.42,0.32,-0.93,0.27,1.42,1.06,-0.73,0.13,1.42,1.07,-0.76,0.35,1.42,0.89,-0.99,0.36,1.42,1.38,-0.58,-1.81,1.42,1.47,-0.24,-7.39,1.42,0.94,-0.81,0.45,1.42,1.11,0.04,-4.64,1.42,0.98,-0.8,-0.17,1.42,1.3,-0.43,-1.12
1.44,0.17,-1.31,8.68,1.44,0.3,-0.93,0.02,1.44,1.04,-0.77,-0.81,1.44,1.06,-0.74,0.57,1.44,0.87,-0.93,0.94,1.44,1.36,-0.62,-1.22,1.44,1.47,-0.38,-5.28,1.44,0.93,-0.79,0.05,1.44,1.12,-0.12,-9.45,1.44,0.97,-0.83,-0.15,1.44,1.29,-0.48,-4.39
1.46,0.14,-1.02,96.32,1.46,0.28,-0.93,-0.41,1.46,1.02,-0.81,-0.95,1.46,1.04,-0.72,0.27,1.46,0.85,-0.93,0.42,1.46,1.35,-0.64,-0.19,1.46,1.45,-0.47,-2.15,1.46,0.91,-0.79,-0.69,1.46,1.11,-0.4,-10.83,1.46,0.95,-0.83,0.29,1.46,1.28,-0.65,-5.4
1.48,0.12,-0.67,310.58,1.48,0.26,-0.95,-0.63,1.48,1.01,-0.82,0.23,1.48,1.03,-0.72,-0.38,1.48,0.83,-0.94,-0.13,1.48,1.34,-0.61,0.39,1.48,1.44,-0.45,-0.43,1.48,0.9,-0.82,-1.49,1.48,1.1,-0.65,-7.49,1.48,0.93,-0.8,0.52,1.48,1.27,-0.79,-3.52
1.5,0.12,9.55,445.24,1.5,0.24,-0.96,-0.5,1.5,0.99,-0.8,0.77,1.5,1.01,-0.74,-0.79,1.5,0.81,-0.94,-0.09,1.5,1.33,-0.62,0.43,1.5,1.44,-0.43,-0.65,1.5,0.88,-0.86,-1.45,1.5,1.08,-0.73,-2.8,1.5,0.92,-0.79,0.02,1.5,1.25,-0.78,-1.24
1.52,0.11,25.39,242.64,1.52,0.22,-0.97,-0.19,1.52,0.97,-0.76,0.01,1.52,1,-0.77,-0.74,1.52,0.79,-0.94,0.05,1.52,1.32,-0.6,-0.03,1.52,1.43,-0.47,-1.52,1.52,0.86,-0.9,-0.83,1.52,1.07,-0.69,-0.5,1.52,0.9,-0.8,-0.71,1.52,1.23,-0.78,-0.54
1.54,1.3,26.36,-228.48,1.54,0.2,-0.97,0.09,1.54,0.96,-0.78,-1.15,1.54,0.98,-0.77,-0.52,1.54,0.78,-0.94,0.17,1.54,1.3,-0.6,-0.5,1.54,1.42,-0.52,-1.44,1.54,0.84,-0.89,-0.2,1.54,1.05,-0.69,-1.25,1.54,0.89,-0.83,-1.11,1.54,1.22,-0.81,-0.23
1.56,1.99,11.65,-508.39,1.56,0.18,-0.96,1.36,1.56,0.94,-0.83,-1.33,1.56,0.97,-0.78,-0.4,1.56,0.76,-0.93,0.16,1.56,1.29,-0.63,-0.78,1.56,1.41,-0.54,-0.8,1.56,0.82,-0.89,0.17,1.56,1.04,-0.74,-2.57,1.56,0.87,-0.85,-1.12,1.56,1.2,-0.82,0.93
1.58,1.41,-4.13,-362.13,1.58,0.17,-0.96,4.96,1.58,0.93,-0.86,-0.36,1.58,0.95,-0.79,-0.48,1.58,0.74,-0.93,0.04,1.58,1.28,-0.64,-0.63,1.58,1.4,-0.54,-0.46,1.58,0.81,-0.89,0.2,1.58,1.02,-0.83,-2.09,1.58,0.85,-0.88,-0.75,1.58,1.19,-0.76,1.83
1.6,1.4,-5.14,-67.58,1.6,0.15,-0.82,10.01,1.6,0.91,-0.84,0.5,1.6,0.94,-0.8,-0.62,1.6,0.72,-0.93,-0.01,1.6,1.26,-0.65,-0.53,1.6,1.39,-0.55,-0.41,1.6,0.79,-0.88,0.17,1.6,1.01,-0.86,-0.47,1.6,0.83,-0.89,-0.11,1.6,1.17,-0.71,4.3
1.62,1.39,-0.32,74.65,1.62,0.13,-0.52,13.02,1.62,0.89,-0.82,0.66,1.62,0.92,-0.82,-0.62,1.62,0.7,-0.93,-0.02,1.62,1.25,-0.66,-1.07,1.62,1.37,-0.56,-0.55,1.62,0.77,-0.88,-0.2,1.62,0.99,-0.82,0.73,1.62,0.82,-0.88,0.33,1.62,1.16,-0.7,5.97
1.64,1.39,-0.27,45.38,1.64,0.12,-0.2,9.89,1.64,0.88,-0.82,0.75,1.64,0.9,-0.83,-0.3,1.64,0.68,-0.93,-0.11,1.64,1.24,-0.68,-1.72,1.64,1.36,-0.56,-0.85,1.64,0.75,-0.88,-0.51,1.64,0.97,-0.81,0.62,1.64,0.8,-0.86,0.31,1.64,1.14,-0.37,2.07
1.66,1.39,-0.03,6.03,1.66,0.13,-0.01,83.79,1.66,0.86,-0.8,0.94,1.66,0.89,-0.83,0.27,1.66,0.66,-0.93,-0.2,1.66,1.23,-0.74,-1.81,1.66,1.35,-0.59,-1.04,1.66,0.74,-0.91,-0.33,1.66,0.96,-0.8,-0.07,1.66,0.78,-0.87,0.08,1.66,1.13,-0.39,-7.38
1.68,1.38,0.02,3.92,1.68,0.12,-0.14,240.46,1.68,0.84,-0.76,0.61,1.68,0.87,-0.82,0.57,1.68,0.65,-0.94,0.19,1.68,1.21,-0.77,-1.07,1.68,1.34,-0.63,-0.46,1.68,0.72,-0.91,0.17,1.68,0.94,-0.81,-0.2,1.68,0.77,-0.87,0.17,1.68,1.15,-0.77,-13.59
1.7,1.4,0.11,0.01,1.7,0.13,9.47,321.11,1.7,0.83,-0.76,-0.23,1.7,0.85,-0.8,0.47,1.7,0.63,-0.94,0.93,1.7,1.19,-0.78,-0.3,1.7,1.33,-0.63,0.6,1.7,0.7,-0.89,0.41,1.7,0.92,-0.82,-0.1,1.7,0.75,-0.86,0.86,1.7,1.1,-1.18,-7.59
1.72,1.38,0.05,-1.22,1.72,0.11,19.17,161.98,1.72,0.81,-0.79,-0.23,1.72,0.84,-0.8,0.23,1.72,0.61,-0.9,1.16,1.72,1.18,-0.77,-0.14,1.72,1.31,-0.58,0.74,1.72,0.68,-0.88,0.17,1.72,0.91,-0.81,-0.13,1.72,0.73,-0.84,1.38,1.72,1.08,-1.21,2.67
1.74,1.4,-0.06,-0.85,1.74,1.28,19.21,-160.24,1.74,0.8,-0.8,0.31,1.74,0.82,-0.79,0.08,1.74,0.59,-0.87,0.36,1.74,1.16,-0.78,-0.28,1.74,1.3,-0.56,-0.53,1.74,0.66,-0.89,-0.08,1.74,0.89,-0.82,-0.62,1.74,0.71,-0.79,0.72,1.74,1.06,-0.86,7.2
1.76,1.38,0.05,0.58,1.76,1.27,9.56,-321.5,1.76,0.78,-0.75,-0.34,1.76,0.81,-0.79,0,1.76,0.57,-0.88,0.79,1.76,1.15,-0.79,-0.27,1.76,1.29,-0.6,-1.99,1.76,0.65,-0.89,-0.12,1.76,0.88,-0.84,-1,1.76,0.7,-0.78,-1.13,1.76,1.05,-0.77,4.1
1.78,1.39,0.01,-0.18,1.78,1.27,-0.14,-240.42,1.78,0.77,-0.76,-2.37,1.78,0.79,-0.79,-0.09,1.78,0.55,-0.92,2.14,1.78,1.13,-0.79,-0.07,1.78,1.28,-0.67,-2.28,1.78,0.63,-0.89,-0.18,1.78,0.86,-0.87,-0.59,1.78,0.69,-0.84,-2.43,1.78,1.03,-0.76,-0.76
1.8,1.4,0.05,-2,1.8,1.27,-0.05,-78.88,1.8,0.76,-0.87,-3.42,1.8,0.77,-0.8,-0.13,1.8,0.54,-0.75,1.15,1.8,1.12,-0.79,0,1.8,1.26,-0.71,-1.61,1.8,0.61,-0.89,-0.38,1.8,0.84,-0.88,0.05,1.8,0.67,-0.92,-1.66,1.8,1.02,-0.82,-2.69
1.82,1.39,-0.08,-1.07,1.82,1.27,-0.02,1.19,1.82,0.73,-0.96,-1.56,1.82,0.76,-0.8,-0.14,1.82,0.52,-0.74,-3.03,1.82,1.1,-0.79,-0.07,1.82,1.25,-0.73,-1.03,1.82,0.59,-0.91,-0.48,1.82,0.82,-0.85,0.3,1.82,0.65,-0.93,0.17,1.82,1,-0.9,-2.41
1.84,1.39,-0.09,1,1.84,1.27,-0.03,0.2,1.84,0.71,-0.95,1.04,1.84,0.74,-0.8,-0.17,1.84,0.52,-0.92,-6.23,1.84,1.08,-0.79,-0.41,1.84,1.24,-0.74,-0.93,1.84,0.57,-0.92,-0.37,1.84,0.81,-0.85,-0.18,1.84,0.63,-0.89,1.15,1.84,0.98,-0.95,-1.11
1.86,1.39,0.03,2.59,1.86,1.27,-0.03,0.17,1.86,0.69,-0.87,1.88,1.86,0.73,-0.81,-0.05,1.86,0.48,-1.11,-3.32,1.86,1.07,-0.8,-0.85,1.86,1.22,-0.76,-0.96,1.86,0.56,-0.92,-0.22,1.86,0.79,-0.86,-0.82,1.86,0.61,-0.86,0.82,1.86,0.96,-0.92,-0.04
1.88,1.39,0.06,1.64,1.88,1.26,-0.03,0.58,1.88,0.68,-0.84,0.99,1.88,0.71,-0.81,0.24,1.88,0.46,-1.12,1.42,1.88,1.05,-0.83,-0.88,1.88,1.21,-0.78,-0.7,1.88,0.54,-0.92,-0.18,1.88,0.77,-0.89,-1.17,1.88,0.59,-0.86,0.13,1.88,0.94,-0.94,0.68
1.9,1.39,0.08,4.11,1.9,1.26,0,0.9,1.9,0.66,-0.85,0.04,1.9,0.69,-0.8,0.38,1.9,0.44,-0.93,3.11,1.9,1.03,-0.85,-0.25,1.9,1.19,-0.8,-0.17,1.9,0.52,-0.93,-0.23,1.9,0.75,-0.91,-1.18,1.9,0.58,-0.86,-0.17,1.9,0.92,-0.92,1.12
1.92,1.39,0.06,-10.53,1.92,1.26,0.02,0.72,1.92,0.64,-0.85,-0.14,1.92,0.68,-0.78,0.07,1.92,0.42,-0.93,1.54,1.92,1.02,-0.84,0.58,1.92,1.17,-0.79,0.19,1.92,0.5,-0.93,-0.27,1.92,0.74,-0.94,-0.71,1.92,0.56,-0.87,-0.21,1.92,0.91,-0.87,1.14
1.94,1.39,0.52,-51.97,1.94,1.27,0.04,0.2,1.94,0.63,-0.85,-0.1,1.94,0.66,-0.79,-0.53,1.94,0.41,-0.93,-0.19,1.94,1,-0.82,0.94,1.94,1.16,-0.78,-0.04,1.94,0.48,-0.94,-0.23,1.94,0.72,-0.95,0,1.94,0.54,-0.87,-0.17,1.94,0.89,-0.85,0.33
1.96,1.39,-1.65,-83.57,1.96,1.27,0.02,0.02,1.96,0.61,-0.85,-0.06,1.96,0.65,-0.81,-0.81,1.96,0.39,-0.94,-0.31,1.96,0.98,-0.8,0.73,1.96,1.14,-0.78,-0.73,1.96,0.46,-0.94,-0.15,1.96,0.7,-0.93,0.49,1.96,0.52,-0.88,-0.12,1.96,0.87,-0.86,-0.52
1.98,1.45,-4.45,-56.18,1.98,1.27,0.02,0.26,1.98,0.59,-0.86,-0.03,1.98,0.63,-0.83,-0.67,1.98,0.37,-0.95,-0.32,1.98,0.97,-0.78,-0.07,1.98,1.13,-0.81,-1.26,1.98,0.44,-0.94,-0.07,1.98,0.68,-0.92,0.45,1.98,0.51,-0.88,-0.09,1.98,0.86,-0.88,-0.6
2,1.13,-5,26.17,2,1.27,0.04,0.32,2,0.58,-0.86,0.02,2,0.61,-0.84,-0.41,2,0.35,-0.95,-0.24,2,0.95,-0.79,-1.19,2,1.11,-0.84,-1.38,2,0.43,-0.94,-0.08,2,0.66,-0.91,0.14,2,0.49,-0.88,-0.05,2,0.84,-0.9,-0.32
2.02,1.12,-2.87,77.87,2.02,1.27,0.05,-0.23,2.02,0.56,-0.86,0.05,2.02,0.6,-0.84,-0.27,2.02,0.33,-0.96,-0.26,2.02,0.94,-0.84,-1.77,2.02,1.09,-0.87,-1.2,2.02,0.41,-0.95,-0.17,2.02,0.64,-0.92,-0.07,2.02,0.47,-0.88,0.2,2.02,0.82,-0.89,-0.24
2.04,1.13,-0.09,65.74,2.04,1.27,0.03,-1.1,2.04,0.54,-0.85,0.04,2.04,0.58,-0.85,-0.3,2.04,0.31,-0.96,-0.47,2.04,0.92,-0.89,-1.25,2.04,1.08,-0.89,-0.85,2.04,0.39,-0.95,-0.28,2.04,0.62,-0.92,-0.08,2.04,0.45,-0.88,0.69,2.04,0.8,-0.9,-0.38
2.06,1.11,-0.01,26.4,2.06,1.27,0,-1.69,2.06,0.52,-0.85,0,2.06,0.56,-0.85,-0.33,2.06,0.29,-0.97,-0.66,2.06,0.9,-0.9,-0.07,2.06,1.06,-0.91,-0.34,2.06,0.37,-0.96,-0.27,2.06,0.61,-0.92,-0.01,2.06,0.44,-0.85,1.01,2.06,0.78,-0.92,-0.34
2.08,1.13,0.03,0.33,2.08,1.27,-0.04,-1.58,2.08,0.51,-0.85,-0.03,2.08,0.54,-0.86,-0.32,2.08,0.27,-0.99,-0.3,2.08,0.88,-0.88,0.64,2.08,1.04,-0.91,0.11,2.08,0.35,-0.96,-0.14,2.08,0.59,-0.92,0.07,2.08,0.42,-0.82,0.84,2.08,0.76,-0.92,0.05
2.1,1.12,0.17,16.11,2.1,1.27,-0.08,-0.72,2.1,0.49,-0.85,0.02,2.1,0.53,-0.87,-0.23,2.1,0.25,-1,0.63,2.1,0.87,-0.86,0.6,2.1,1.02,-0.89,0.2,2.1,0.33,-0.96,0.02,2.1,0.57,-0.92,0.09,2.1,0.4,-0.81,0.31,2.1,0.75,-0.91,0.5
2.12,1.13,-0.24,34.36,2.12,1.26,-0.08,0.41,2.12,0.47,-0.86,0.28,2.12,0.51,-0.87,-0.18,2.12,0.23,-0.97,1.2,2.12,0.85,-0.85,0.29,2.12,1,-0.89,0.26,2.12,0.31,-0.96,0.11,2.12,0.55,-0.91,0.06,2.12,0.39,-0.82,0.14,2.12,0.73,-0.9,0.7
2.14,1.13,2.19,40.13,2.14,1.26,-0.05,0.91,2.14,0.46,-0.85,0.67,2.14,0.49,-0.87,-0.23,2.14,0.21,-0.93,0.78,2.14,0.83,-0.85,0.26,2.14,0.99,-0.9,0.47,2.14,0.29,-0.96,0.11,2.14,0.53,-0.91,0.06,2.14,0.37,-0.82,0.52,2.14,0.71,-0.87,0.13
2.16,1.08,2.14,7.18,2.16,1.26,-0.02,0.56,2.16,0.44,-0.83,0.86,2.16,0.48,-0.88,-0.28,2.16,0.2,-0.93,0.25,2.16,0.82,-0.85,0.46,2.16,0.97,-0.87,0.28,2.16,0.27,-0.96,0.11,2.16,0.51,-0.91,0.08,2.16,0.36,-0.8,-0.9,2.16,0.69,-0.87,-1.12
2.18,1.43,2.61,-36.58,2.18,1.26,-0.03,0.2,2.18,0.42,-0.8,0.55,2.18,0.46,-0.89,-0.05,2.18,0.18,-0.95,2.06,2.18,0.8,-0.83,0.39,2.18,0.95,-0.86,-0.68,2.18,0.25,-0.96,0.14,2.18,0.5,-0.91,0.08,2.18,0.34,-0.77,55.33,2.18,0.68,-0.92,-1.94
2.2,1.09,0.2,-23.93,2.2,1.26,-0.04,0.46,2.2,0.41,-0.8,0.07,2.2,0.44,-0.89,0.42,2.2,0.16,-0.91,5.2,2.2,0.78,-0.82,-0.1,2.2,0.93,-0.9,-1.6,2.2,0.23,-0.95,0.19,2.2,0.48,-0.91,0.01,2.2,0.32,-0.98,174.17,2.2,0.66,-0.98,-1.17
2.22,1.44,-0.26,11.91,2.22,1.26,-0.01,1,2.22,0.39,-0.81,-0.01,2.22,0.42,-0.87,0.65,2.22,0.14,-0.69,128.26,2.22,0.77,-0.83,-0.76,2.22,0.91,-0.95,-1.19,2.22,0.21,-0.95,0.18,2.22,0.46,-0.91,-0.03,2.22,0.31,6,240.79,2.22,0.64,-0.99,0.57
2.24,1.09,2.14,38.36,2.24,1.26,0.02,0.92,2.24,0.37,-0.81,0.43,2.24,0.4,-0.85,0.26,2.24,0.12,-0.56,370.57,2.24,0.75,-0.86,-0.97,2.24,0.89,-0.97,0.17,2.24,0.2,-0.94,0.23,2.24,0.44,-0.91,0,2.24,0.27,13.34,132.24,2.24,0.62,-0.94,1.76
2.26,1.39,2.1,4.1,2.26,1.26,0.04,0.23,2.26,0.36,-0.79,1.03,2.26,0.39,-0.85,-0.49,2.26,0.13,14.09,491.81,2.26,0.73,-0.88,-0.6,2.26,0.88,-0.93,1.07,2.26,0.18,-0.94,1.7,2.26,0.42,-0.91,0.02,2.26,1.11,13.81,-102.61,2.26,0.6,-0.9,1.75
2.28,1.39,2.44,-36.56,2.28,1.26,0.02,-0.36,2.28,0.34,-0.77,-1.05,2.28,0.37,-0.88,-0.66,2.28,0.1,28.78,250.63,2.28,0.71,-0.88,-0.03,2.28,0.86,-0.9,1.08,2.28,0.16,-0.93,5.79,2.28,0.4,-0.91,-0.04,2.28,1.12,7.07,-227.44,2.28,0.58,-0.87,0.94
2.3,1.39,-0.07,-38.77,2.3,1.26,0.01,-0.51,2.3,0.33,-0.73,71.62,2.3,0.35,-0.9,0.29,2.3,1.85,28.99,-235.34,2.3,0.7,-0.88,0.33,2.3,0.84,-0.89,0.64,2.3,0.14,-0.76,10.83,2.3,0.39,-0.91,-0.13,2.3,1.11,-0.05,-175.27,2.3,0.56,-0.86,-0.13
2.32,1.39,-0.08,-20.45,2.32,1.26,0.01,-0.57,2.32,0.31,-1,242.47,2.32,0.33,-0.88,2.51,2.32,1.85,14.61,-474.05,2.32,0.68,-0.87,0.32,2.32,0.82,-0.88,0.18,2.32,0.12,-0.43,11.51,2.32,0.37,-0.92,-0.17,2.32,1.12,-0.09,-59.47,2.32,0.55,-0.87,-0.97
2.34,1.39,-0.04,0.58,2.34,1.26,-0.01,-0.76,2.34,0.3,8.03,270.26,2.34,0.32,-0.81,5.85,2.34,1.85,0.01,-374.67,2.34,0.66,-0.86,0.11,2.34,0.8,-0.88,-0.38,2.34,0.12,-0.14,157.8,2.34,0.35,-0.92,-0.17,2.34,1.11,-0.06,0.25,2.34,0.53,-0.91,-1.13
2.36,1.39,-0.05,1.86,2.36,1.26,-0.03,-1.02,2.36,0.25,19.57,-42.79,2.36,0.3,-0.66,6.26,2.36,1.85,0.87,-193.69,2.36,0.64,-0.86,-0.16,2.36,0.79,-0.9,-0.78,2.36,0.12,-0.17,327.67,2.36,0.33,-0.92,-0.19,2.36,1.11,-0.06,0.29,2.36,0.51,-0.93,-0.58
2.38,1.39,-0.03,7.38,2.38,1.26,-0.05,-1.17,2.38,1.35,11.14,-384.32,2.38,0.29,-0.42,74.33,2.38,1.85,-2.23,-122.39,2.38,0.63,-0.87,-0.31,2.38,0.77,-0.92,-0.61,2.38,0.12,17.91,321.08,2.38,0.31,-0.93,-0.22,2.38,1.11,-0.05,0.24,2.38,0.49,-0.93,0.17
2.4,1.38,0.14,11.94,2.4,1.26,-0.08,-1.01,2.4,1.61,-9.24,-337.41,2.4,0.28,-0.53,137.56,2.4,1.96,-6.39,-86.26,2.4,0.61,-0.88,-0.25,2.4,0.75,-0.93,-0.18,2.4,0.1,20.84,88.51,2.4,0.29,-0.93,-0.16,2.4,1.11,-0.06,0.64,2.4,0.47,-0.92,0.62
2.42,1.39,0.66,6.18,2.42,1.26,-0.1,-0.66,2.42,0.28,-9.28,-29.05,2.42,0.28,7.97,123.13,2.42,1.48,-7.41,35.58,2.42,0.59,-0.88,-0.15,2.42,0.73,-0.92,0.07,2.42,2.29,17.39,-164.5,2.42,0.28,-0.93,-0.03,2.42,1.11,-0.03,0.82,2.42,0.45,-0.9,0.75
2.44,1.4,0.69,-8.41,2.44,1.26,-0.1,-0.29,2.44,0.22,-0.5,39.03,2.44,0.24,7.46,39.89,2.44,1.46,-4.29,119.56,2.44,0.57,-0.88,0.02,2.44,0.71,-0.92,0.07,2.44,0.45,10.98,-154.77,2.44,0.26,-0.93,0.26,2.44,1.11,-0.01,0.67,2.44,0.44,-0.89,0.54
2.46,1.44,0.16,-17.99,2.46,1.26,-0.1,-0.54,2.46,1.63,-1.08,-46.18,2.46,1.29,6.37,-26.66,2.46,1.46,-0.06,83.57,2.46,0.56,-0.88,0.28,2.46,0.7,-0.92,-0.03,2.46,1.86,8.03,-140.25,2.46,0.24,-0.93,0.47,2.46,1.11,-0.01,0.27,2.46,0.42,-0.87,0.13
2.48,1.41,-0.37,-7.47,2.48,1.25,-0.11,,2.48,0.2,-12.75,156.06,2.48,0.18,5.86,2.79,2.48,1.46,0.6,-29.36,2.48,0.54,-0.87,0.4,2.48,0.68,-0.92,0.11,2.48,1.85,11.62,-159.65,2.48,0.22,-0.91,0.45,2.48,1.11,0,0.07,2.48,0.4,-0.88,-0.23
2.5,1.4,-0.44,-13.28,2.5,1.25,-0.15,,2.5,0.17,-2.58,446.61,2.5,1.11,6.37,-37.04,2.5,1.47,-2.27,-102.99,2.5,0.52,-0.86,0.04,2.5,0.66,-0.92,0.42,2.5,1.85,-0.09,-164.48,2.5,0.2,-0.9,0.3,2.5,1.11,0,0.03,2.5,0.38,-0.89,-0.25
2.52,1.4,0.39,-29.63,2.52,1.25,,,2.52,0.15,19.72,379.06,2.52,1.12,7.79,-102.05,2.52,1.52,-5.6,-66.81,2.52,0.51,-0.86,-0.71,2.52,0.64,-0.9,1.12,2.52,1.85,-0.06,-96.62,2.52,0.19,-0.9,1.07,2.52,1.11,0,0,2.52,0.37,-0.9,0.08
2.54,1.4,-2.19,-39.57,,,,,2.54,1.37,20.04,-58.21,2.54,1.11,-0.01,-118.31,2.54,1.13,-6.22,34.76,2.54,0.49,-0.89,-1.1,2.54,0.62,-0.88,1.43,2.54,1.85,-0.02,-0.25,2.54,0.16,-0.9,4.06,2.54,1.11,0,0.04,2.54,0.35,-0.89,0.33
2.56,1.46,-2.16,-11.85,,,,,2.56,1.36,10.12,-330.31,2.56,1.11,-0.01,-65.48,2.56,1.13,-3.47,95.36,2.56,0.47,-0.92,-0.78,2.56,0.61,-0.82,0.21,2.56,1.85,-0.04,-2.05,2.56,0.15,-0.79,9.26,2.56,1.11,0,-0.08,2.56,0.33,-0.88,0.29
2.58,1.08,-2.63,51.44,,,,,2.58,1.36,0.04,-250.35,2.58,1.12,-0.02,-0.58,2.58,1.12,-0.23,79.01,2.58,0.45,-0.93,-0.14,2.58,0.59,-0.83,-2.04,2.58,1.85,-0.14,-4.6,2.58,0.13,-0.53,13.38,2.58,1.11,0,-0.22,2.58,0.31,-0.87,0.08
2.6,1.46,-0.6,58.25,,,,,2.6,1.37,0.08,-84.31,2.6,1.11,-0.05,-0.06,2.6,1.12,-0.15,29.96,2.6,0.43,-0.92,0.23,2.6,0.58,-0.93,-3.36,2.6,1.85,-0.19,-7.79,2.6,0.13,-0.15,10.35,2.6,1.11,-0.02,-0.15,2.6,0.3,-0.87,-0.07
2.62,1.08,2.41,27.9,,,,,2.62,1.36,0.03,-1.14,2.62,1.11,-0.03,0.36,2.62,1.11,-0.07,3.21,2.62,0.41,-0.91,0.21,2.62,0.55,-1.02,-1.94,2.62,1.84,-0.42,-8.63,2.62,0.12,0.08,122.13,2.62,1.11,-0.02,0.26,2.62,0.28,-0.88,-0.08
2.64,1.39,-0.21,-34.12,,,,,2.64,1.37,0.01,-7.43,2.64,1.11,0,0.08,2.64,1.11,-0.04,3.71,2.64,0.4,-0.91,0.06,2.64,0.53,-1.04,0.46,2.64,1.84,-0.69,-3.13,2.64,0.14,-0.15,357.37,2.64,1.11,0,0.59,2.64,0.26,-0.88,-0.08
2.66,1.44,0.34,-44.43,,,,,2.66,1.37,-0.02,16.87,2.66,1.11,-0.03,-0.54,2.66,1.11,0.05,,2.66,0.38,-0.91,-0.01,2.66,0.51,-0.96,1.54,2.66,1.81,-0.67,6.59,2.66,0.13,14.12,481.12,2.66,1.11,0.02,0.34,2.66,0.24,-0.88,-0.14
2.68,1.07,-2.62,15.14,,,,,2.68,1.37,-0.75,82.7,2.68,1.11,-0.05,-0.42,2.68,1.11,0.18,,2.68,0.36,-0.91,-0.01,2.68,0.49,-0.94,1.05,2.68,1.8,-0.31,10.55,2.68,0.1,28.68,246.11,2.68,1.11,0.02,-0.09,2.68,0.23,-0.88,-0.23
2.7,1.44,-0.51,41.67,,,,,2.7,1.36,2.82,138.5,2.7,1.11,-0.05,0.19,2.7,1.12,,,2.7,0.34,-0.91,0,2.7,0.47,-0.93,0.41,2.7,1.8,-0.01,6.01,2.7,1.85,28.97,-225.53,2.7,1.11,0,-0.3,2.7,0.21,-0.89,-0.24
2.72,1.08,2.46,13.93,,,,,2.72,1.29,7.09,79.87,2.72,1.11,-0.03,0.23,,,,,2.72,0.32,-0.91,-0.03,2.72,0.45,-0.93,0.63,2.72,1.81,-0.09,0.4,2.72,1.85,14.53,-511.63,2.72,1.11,0,-0.2,2.72,0.19,-0.9,0.22
2.74,1.38,0.26,-69.3,,,,,2.74,1.79,8.75,,2.74,1.11,-0.03,-0.13,,,,,2.74,0.3,-0.91,-0.1,2.74,0.44,-0.91,1.33,2.74,1.79,-0.17,-0.07,2.74,1.85,1.22,-506.84,2.74,1.11,0,-0.06,2.74,0.17,-0.9,2.23
2.76,1.43,-1.72,-82.4,,,,,2.76,1.79,2.9,,2.76,1.11,-0.05,-0.21,,,,,2.76,0.29,-0.92,-0.19,2.76,0.42,-0.88,2.05,2.76,1.8,-0.1,2.03,2.76,1.85,-4.95,-347.97,2.76,1.11,0,4.05E-4,2.76,0.15,-0.85,6.23
2.78,1.12,-4.65,-9.2,,,,,2.78,1.91,,,2.78,1.11,-0.05,0.17,,,,,2.78,0.27,-0.92,-0.25,2.78,0.4,-0.83,2.93,2.78,1.79,-0.01,2.23,2.78,2.01,-12.37,-144.98,2.78,1.11,-6.92E-04,0.08,2.78,0.14,-0.67,10.4
2.8,1.13,-2.52,51.99,,,,,,,,,2.8,1.11,-0.03,,,,,,2.8,0.25,-0.93,-0.23,2.8,0.38,-0.77,2.51,2.8,1.79,-0.01,1.07,2.8,1.11,-13.65,81.63,2.8,1.11,0,0.09,2.8,0.12,-0.38,11.55
2.82,1.12,-0.05,59.11,,,,,,,,,2.82,1.11,-0.02,,,,,,2.82,0.23,-0.93,-0.11,2.82,0.37,-0.67,55.39,2.82,1.79,0,,2.82,1.11,-7.49,215.79,2.82,1.11,0.01,0.04,2.82,0.12,-0.12,8.57
2.84,1.13,-0.09,20.97,,,,,,,,,2.84,1.1,,,,,,,2.84,0.21,-0.93,0.05,2.84,0.36,-0.74,164.62,2.84,1.79,0.02,,2.84,1.11,-0.03,175.12,2.84,1.11,0,-0.06,2.84,0.12,-0.01,2.73
2.86,1.12,0.01,0.16,,,,,,,,,,,,,,,,,2.86,0.19,-0.93,0.38,2.86,0.35,5.79,223.22,2.86,1.79,,,2.86,1.11,-0.08,62.22,2.86,1.11,0,-0.13,2.86,0.12,-0.01,118.83
2.88,1.12,-0.06,-0.85,,,,,,,,,,,,,,,,,2.88,0.17,-0.92,2.21,2.88,0.32,12.53,119.56,,,,,2.88,1.1,-0.04,1.03,2.88,1.11,-9.72E-04,-0.17,2.88,0.12,-0.17,403.51
2.9,1.12,-0.05,-1.16,,,,,,,,,,,,,,,,,2.9,0.16,-0.89,6.45,2.9,1.1,12.85,-98.51,,,,,2.9,1.1,-0.02,1.14,2.9,1.11,0,-0.17,2.9,0.12,14.29,449.46
2.92,1.11,-0.12,0.46,,,,,,,,,,,,,,,,,2.92,0.14,-0.7,12.98,2.92,1.1,6.54,-212.32,,,,,2.92,1.11,0.02,0.4,2.92,1.11,-0.01,-0.09,2.92,0.1,34.11,88.52
2.94,1.12,-0.07,1.21,,,,,,,,,,,,,,,,,2.94,0.12,-0.38,15.32,2.94,1.1,-0.05,-162.23,,,,,2.94,1.1,-0.01,,2.94,1.11,-0.01,0,2.94,1.86,19.65,-481.26
2.96,1.11,0.01,1.28,,,,,,,,,,,,,,,,,2.96,0.12,0.12,129.09,2.96,1.1,-0.05,-54.28,,,,,2.96,1.11,0,,2.96,1.11,-0.01,0.06,2.96,2.48,5.1,-681.22
2.98,1.12,-0.04,0.02,,,,,,,,,,,,,,,,,2.98,0.13,0.13,358.89,2.98,1.1,-0.03,0.82,,,,,2.98,1.1,,,2.98,1.11,-0.01,0.05,2.98,0.1,-14.44,-306.04
3,1.12,9.73E-4,-0.63,,,,,,,,,,,,,,,,,3,0.15,14.29,477.31,3,1.1,0,0.54,,,,,,,,,3,1.11,0,0.06,3,2.47,-13.54,133.18
3.02,1.11,-0.06,-0.57,,,,,,,,,,,,,,,,,3.02,0.11,28.52,236.94,3.02,1.1,0,0.17,,,,,,,,,3.02,1.11,0,,3.02,0.14,1.56,387.11
3.04,1.12,-0.05,-0.13,,,,,,,,,,,,,,,,,3.04,1.85,29,-275.38,3.04,1.1,-0.01,0.04,,,,,,,,,3.04,1.11,0,,3.04,0.82,5.07,198.39
3.06,1.11,-0.06,1.45,,,,,,,,,,,,,,,,,3.06,1.85,13.85,-554.11,3.06,1.1,0,0.11,,,,,,,,,3.06,1.11,,,3.06,1.94,13.4,-112.49
3.08,1.11,-0.02,1.83,,,,,,,,,,,,,,,,,3.08,1.9,-4.08,-415.03,3.08,1.1,0,0.04,,,,,,,,,,,,,3.08,1.28,-1.57,-199.4
3.1,1.11,0.09,1.02,,,,,,,,,,,,,,,,,3.1,1.73,-4.89,-94.95,3.1,1.1,0,-0.05,,,,,,,,,,,,,3.1,1.29,-5.3,-47.82
3.12,1.11,0.03,-1.09,,,,,,,,,,,,,,,,,3.12,1.48,-2.07,74.19,3.12,1.1,0,-0.03,,,,,,,,,,,,,3.12,1.28,-0.16,270.77
3.14,1.12,0.02,-2.27,,,,,,,,,,,,,,,,,3.14,1.68,0.44,41.85,3.14,1.1,-2.29E-04,-0.01,,,,,,,,,,,,,3.14,1.3,6.25,
3.16,1.11,-0.08,-1.65,,,,,,,,,,,,,,,,,3.16,1.7,-0.51,7.09,3.16,1.1,0,0.01,,,,,,,,,,,,,3.16,1.25,19.38,
3.18,1.12,-0.07,-0.88,,,,,,,,,,,,,,,,,3.18,1.56,-1.43,33.58,3.18,1.1,0,-0.04,,,,,,,,,,,,,3.18,2.07,,
3.2,1.1,-0.07,0.15,,,,,,,,,,,,,,,,,3.2,1.53,0.65,,3.2,1.1,4.58E-4,-0.04,,,,,,,,,,,,,,,,
3.22,1.11,-0.09,0.47,,,,,,,,,,,,,,,,,3.22,1.67,3.31,,3.22,1.1,0,-0.02,,,,,,,,,,,,,,,,
3.24,1.11,-0.04,1.13,,,,,,,,,,,,,,,,,3.24,1.67,,,3.24,1.1,0,0.02,,,,,,,,,,,,,,,,
3.26,1.11,-0.05,2.09,,,,,,,,,,,,,,,,,,,,,3.26,1.1,0,0.07,,,,,,,,,,,,,,,,
3.28,1.11,0.02,3.21,,,,,,,,,,,,,,,,,,,,,3.28,1.1,0,0.02,,,,,,,,,,,,,,,,
3.3,1.1,0.1,4.78,,,,,,,,,,,,,,,,,,,,,3.3,1.1,0,-0.05,,,,,,,,,,,,,,,,
3.32,1.11,0.2,7.36,,,,,,,,,,,,,,,,,,,,,3.32,1.1,0,-0.1,,,,,,,,,,,,,,,,
3.34,1.11,0.34,-0.23,,,,,,,,,,,,,,,,,,,,,3.34,1.1,0,-0.06,,,,,,,,,,,,,,,,
3.36,1.12,0.65,30.61,,,,,,,,,,,,,,,,,,,,,3.36,1.1,0,0.01,,,,,,,,,,,,,,,,
3.38,1.13,-0.39,133.29,,,,,,,,,,,,,,,,,,,,,3.38,1.1,0,0.03,,,,,,,,,,,,,,,,
3.4,1.17,4.6,153.18,,,,,,,,,,,,,,,,,,,,,3.4,1.1,0,0,,,,,,,,,,,,,,,,
3.42,1.02,12.39,27.44,,,,,,,,,,,,,,,,,,,,,3.42,1.1,0,,,,,,,,,,,,,,,,,
3.44,1.78,6.26,-193.72,,,,,,,,,,,,,,,,,,,,,3.44,1.1,0,,,,,,,,,,,,,,,,,
3.46,2,1.25,-220.06,,,,,,,,,,,,,,,,,,,,,3.46,1.1,,,,,,,,,,,,,,,,,,
3.48,0.93,-7.5,-66.07,,,,,,,,,,,,,,,,,,,,,,,,,,,,,,,,,,,,,,,,
3.5,2.02,-0.26,-10.44,,,,,,,,,,,,,,,,,,,,,,,,,,,,,,,,,,,,,,,,
3.52,0.87,-0.17,-50.29,,,,,,,,,,,,,,,,,,,,,,,,,,,,,,,,,,,,,,,,
3.54,2.04,-7.34,-59.84,,,,,,,,,,,,,,,,,,,,,,,,,,,,,,,,,,,,,,,,
3.56,0.89,-6.45,173.76,,,,,,,,,,,,,,,,,,,,,,,,,,,,,,,,,,,,,,,,
3.58,1.11,-1.15,295.89,,,,,,,,,,,,,,,,,,,,,,,,,,,,,,,,,,,,,,,,
3.6,1.02,14.49,124.73,,,,,,,,,,,,,,,,,,,,,,,,,,,,,,,,,,,,,,,,
3.62,1.78,7.22,-109.19,,,,,,,,,,,,,,,,,,,,,,,,,,,,,,,,,,,,,,,,
3.64,1.97,0.15,-180.62,,,,,,,,,,,,,,,,,,,,,,,,,,,,,,,,,,,,,,,,
3.66,1.03,0.1,-62.56,,,,,,,,,,,,,,,,,,,,,,,,,,,,,,,,,,,,,,,,
3.68,1.79,-0.06,-2.5,,,,,,,,,,,,,,,,,,,,,,,,,,,,,,,,,,,,,,,,
3.7,1.97,-0.08,7.23,,,,,,,,,,,,,,,,,,,,,,,,,,,,,,,,,,,,,,,,
3.72,1.02,0.03,-29.9,,,,,,,,,,,,,,,,,,,,,,,,,,,,,,,,,,,,,,,,
3.74,1.79,0.88,-142.94,,,,,,,,,,,,,,,,,,,,,,,,,,,,,,,,,,,,,,,,
3.76,1.97,-4.61,-171.48,,,,,,,,,,,,,,,,,,,,,,,,,,,,,,,,,,,,,,,,
3.78,1.12,-12.6,-27.86,,,,,,,,,,,,,,,,,,,,,,,,,,,,,,,,,,,,,,,,
3.8,1.13,-7.07,143.51,,,,,,,,,,,,,,,,,,,,,,,,,,,,,,,,,,,,,,,,
3.82,1.12,0,164.76,,,,,,,,,,,,,,,,,,,,,,,,,,,,,,,,,,,,,,,,
3.84,1.13,0.01,59.69,,,,,,,,,,,,,,,,,,,,,,,,,,,,,,,,,,,,,,,,
3.86,1.12,0.09,-1.46,,,,,,,,,,,,,,,,,,,,,,,,,,,,,,,,,,,,,,,,
3.88,1.13,0,,,,,,,,,,,,,,,,,,,,,,,,,,,,,,,,,,,,,,,,,
3.9,1.13,-0.17,,,,,,,,,,,,,,,,,,,,,,,,,,,,,,,,,,,,,,,,,
3.92,1.12,,,,,,,,,,,,,,,,,,,,,,,,,,,,,,,,,,,,,,,,,,
